<?xml version="1.0" encoding="UTF-8" ?>
<DataIntegratorExport repositoryVersion="14.2.14.0000" productVersion="14.2.14.2660">
<DIJob name="ERP_0CUST_SALES_ATTR" typeId="2" >
<DIProperties>
<DIAttribute name="Description" value="0CUST_SALES_ATTR"/>
</DIProperties>
<DIVariables>
<DIElement paramType="LOCAL" name="$v_Filename" datatype="VARCHAR" size="100" >
</DIElement>
<DIElement paramType="LOCAL" name="$v_JobStartTimestamp" datatype="VARCHAR" size="24" >
</DIElement>
<DIElement paramType="LOCAL" name="$CurrentPeriod" datatype="VARCHAR" size="6" >
</DIElement>
<DIElement paramType="LOCAL" name="$LocalPeriods" datatype="VARCHAR" size="200" >
</DIElement>
<DIElement paramType="LOCAL" name="$v_StartTS" datatype="DATETIME" scale="9" >
</DIElement>
<DIElement paramType="GLOBAL" name="$SysPrefix" datatype="VARCHAR" size="16" >
</DIElement>
<DIElement paramType="GLOBAL" name="$ERDAT_MIN" datatype="VARCHAR" size="8" >
</DIElement>
<DIElement paramType="GLOBAL" name="$ERDAT_MAX" datatype="VARCHAR" size="8" >
</DIElement>
</DIVariables>
<DISteps>
<DIScript>
<DIUIOptions>
<DIAttribute name="ui_display_name" value="InitVariables"/>
<DIAttribute name="ui_script_text" value="$v_JobStartTimestamp = to_char(sysdate(),'yyyymmddhh24miss');&#xD;&#xA;&#xD;&#xA;$v_FileName = f_GetHDFSFileName($SysPrefix, sysdate(), '');&#xD;&#xA;&#xD;&#xA;&#xD;&#xA;#Prepare local folders for temporary file to upload via ZGZip&#xD;&#xA;f_PrepareLocalDirectory($v_FileName);&#xD;&#xA;&#xD;&#xA;#Log variable values&#xD;&#xA;print('---Variables\' values------------------------------------------');&#xD;&#xA;print('$v_JobStartTimestamp:   ' || $v_JobStartTimestamp);&#xD;&#xA;print('$SysPrefix:             ' || $SysPrefix);&#xD;&#xA;print('$v_FileName:            ' || $v_FileName);&#xD;&#xA;print('--------------------------------------------------------------');&#xD;&#xA;"/>
</DIUIOptions>
<DIAssignmentStep typeId="6" variable="$v_JobStartTimestamp" >
<DIExpression isString="true" expr="to_char(sysdate(), 'yyyymmddhh24miss')" >
<FUNCTION_CALL name="to_char"  type="DI" >
<FUNCTION_CALL name="sysdate"  type="DI" />
<CONSTANT value="yyyymmddhh24miss" datatype="VARCHAR" size="16" />
</FUNCTION_CALL>
</DIExpression>
</DIAssignmentStep>
<DIAssignmentStep typeId="6" variable="$v_FileName" >
<DIExpression isString="true" expr="f_gethdfsfilename($SysPrefix, sysdate(), '')" >
<FUNCTION_CALL name="f_gethdfsfilename"  type="DI" >
<VARIABLE_REFERENCE name="$SysPrefix" />
<FUNCTION_CALL name="sysdate"  type="DI" />
<CONSTANT value="" datatype="VARCHAR" size="0" />
</FUNCTION_CALL>
</DIExpression>
</DIAssignmentStep>
<DIFunctionCallStep typeId="11" >
<DIExpression isString="true" expr="f_preparelocaldirectory($v_FileName)" >
<FUNCTION_CALL name="f_preparelocaldirectory"  type="DI" >
<VARIABLE_REFERENCE name="$v_FileName" />
</FUNCTION_CALL>
</DIExpression>
</DIFunctionCallStep>
<DIFunctionCallStep typeId="11" >
<DIExpression isString="true" expr="print('---Variables\' values------------------------------------------')" >
<FUNCTION_CALL name="print"  type="DI" >
<CONSTANT value="---Variables' values------------------------------------------" datatype="VARCHAR" size="62" />
</FUNCTION_CALL>
</DIExpression>
</DIFunctionCallStep>
<DIFunctionCallStep typeId="11" >
<DIExpression isString="true" expr="print(('$v_JobStartTimestamp:   ' || $v_JobStartTimestamp))" >
<FUNCTION_CALL name="print"  type="DI" >
<CONCAT>
<CONSTANT value="$v_JobStartTimestamp:   " datatype="VARCHAR" size="24" />
<VARIABLE_REFERENCE name="$v_JobStartTimestamp" />
</CONCAT>
</FUNCTION_CALL>
</DIExpression>
</DIFunctionCallStep>
<DIFunctionCallStep typeId="11" >
<DIExpression isString="true" expr="print(('$SysPrefix:             ' || $SysPrefix))" >
<FUNCTION_CALL name="print"  type="DI" >
<CONCAT>
<CONSTANT value="$SysPrefix:             " datatype="VARCHAR" size="24" />
<VARIABLE_REFERENCE name="$SysPrefix" />
</CONCAT>
</FUNCTION_CALL>
</DIExpression>
</DIFunctionCallStep>
<DIFunctionCallStep typeId="11" >
<DIExpression isString="true" expr="print(('$v_FileName:            ' || $v_FileName))" >
<FUNCTION_CALL name="print"  type="DI" >
<CONCAT>
<CONSTANT value="$v_FileName:            " datatype="VARCHAR" size="24" />
<VARIABLE_REFERENCE name="$v_FileName" />
</CONCAT>
</FUNCTION_CALL>
</DIExpression>
</DIFunctionCallStep>
<DIFunctionCallStep typeId="11" >
<DIExpression isString="true" expr="print('--------------------------------------------------------------')" >
<FUNCTION_CALL name="print"  type="DI" >
<CONSTANT value="--------------------------------------------------------------" datatype="VARCHAR" size="62" />
</FUNCTION_CALL>
</DIExpression>
</DIFunctionCallStep>
</DIScript>
<DICallStep typeId="1"  calledObjectType="Dataflow" name="ERP_0CUST_SALES_ATTR" >
<DIUIOptions>
<DIAttribute name="ParmDefaulted_01" value="FALSE"/>
<DIAttribute name="ParmDefaulted_02" value="FALSE"/>
</DIUIOptions>
<DIParameterValues>
<DIExpression isString="true" expr="$v_FileName" >
<VARIABLE_REFERENCE name="$v_FileName" />
</DIExpression>
<DIExpression isString="true" expr="$v_JobStartTimestamp" >
<VARIABLE_REFERENCE name="$v_JobStartTimestamp" />
</DIExpression>
</DIParameterValues>
</DICallStep>
<DIScript>
<DIUIOptions>
<DIAttribute name="ObjectDesc" value="Загрузка локального файла в HDFS со сжатием в .gz"/>
<DIAttribute name="ui_display_name" value="PushToHDFS"/>
<DIAttribute name="ui_script_text" value="#Compress file, copy to HDFS and cleanup local file&#xD;&#xA;f_CopyToHDFS_GZip($v_FileName, 'WebHDFS', 1);"/>
</DIUIOptions>
<DIFunctionCallStep typeId="11" >
<DIExpression isString="true" expr="f_copytohdfs_gzip($v_FileName, 'WebHDFS', 1)" >
<FUNCTION_CALL name="f_copytohdfs_gzip"  type="DI" >
<VARIABLE_REFERENCE name="$v_FileName" />
<CONSTANT value="WebHDFS" datatype="VARCHAR" size="7" />
<CONSTANT value="1" datatype="INT" />
</FUNCTION_CALL>
</DIExpression>
</DIFunctionCallStep>
</DIScript>
</DISteps>
<DIAttributes>
<DIAttribute name="job_GV_$ERDAT_MAX" value="'20240124'"/>
<DIAttribute name="job_GV_$ERDAT_MIN" value="'20240101'"/>
<DIAttribute name="job_GV_$SysPrefix" value="'ERP'"/>
<DIAttribute name="job_checkpoint_enabled" value="no"/>
<DIAttribute name="job_collect_statistics" value="no"/>
<DIAttribute name="job_collect_statistics_monitor" value="no"/>
<DIAttribute name="job_create_debug_package" value="no"/>
<DIAttribute name="job_enable_assemblers" value="yes"/>
<DIAttribute name="job_enable_audit" value="yes"/>
<DIAttribute name="job_enable_dataquality" value="yes"/>
<DIAttribute name="job_export_repo" value="no"/>
<DIAttribute name="job_export_reports" value="no"/>
<DIAttribute name="job_isrecoverable" value="no"/>
<DIAttribute name="job_mode" value="Multi-Process"/>
<DIAttribute name="job_monitor_sample_rate" value="1000"/>
<DIAttribute name="job_monitor_timer_rate" value="5"/>
<DIAttribute name="job_name" value="ERP_0CUST_SALES_ATTR"/>
<DIAttribute name="job_print_version" value="no"/>
<DIAttribute name="job_testmode_enabled" value="no"/>
<DIAttribute name="job_trace_abapquery" value="no"/>
<DIAttribute name="job_trace_all" value="no"/>
<DIAttribute name="job_trace_ascomm" value="no"/>
<DIAttribute name="job_trace_assemblers" value="no"/>
<DIAttribute name="job_trace_audit" value="no"/>
<DIAttribute name="job_trace_dataflow" value="yes"/>
<DIAttribute name="job_trace_idoc_file" value="no"/>
<DIAttribute name="job_trace_memory_loader" value="no"/>
<DIAttribute name="job_trace_memory_reader" value="no"/>
<DIAttribute name="job_trace_optimized_dataflow" value="no"/>
<DIAttribute name="job_trace_parallel_execution" value="no"/>
<DIAttribute name="job_trace_rfc_function" value="no"/>
<DIAttribute name="job_trace_row" value="no"/>
<DIAttribute name="job_trace_script" value="no"/>
<DIAttribute name="job_trace_session" value="yes"/>
<DIAttribute name="job_trace_sql_only" value="no"/>
<DIAttribute name="job_trace_sqlfunctions" value="no"/>
<DIAttribute name="job_trace_sqlloaders" value="no"/>
<DIAttribute name="job_trace_sqlreaders" value="no"/>
<DIAttribute name="job_trace_sqltransforms" value="no"/>
<DIAttribute name="job_trace_stored_procedure" value="no"/>
<DIAttribute name="job_trace_table" value="no"/>
<DIAttribute name="job_trace_table_reader" value="no"/>
<DIAttribute name="job_trace_transform" value="no"/>
<DIAttribute name="job_trace_userfunction" value="no"/>
<DIAttribute name="job_trace_usertransform" value="no"/>
<DIAttribute name="job_trace_workflow" value="yes"/>
<DIAttribute name="job_type" value="batch"/>
<DIAttribute name="job_use_statistics" value="yes"/>
<DIAttribute name="locale_codepage" value="&lt;default&gt;"/>
<DIAttribute name="locale_language" value="&lt;default&gt;"/>
<DIAttribute name="locale_territory" value="&lt;default&gt;"/>
</DIAttributes>
</DIJob>
<DIDataflow name="ERP_0CUST_SALES_ATTR" typeId="1" >
<DIProperties>
<DIAttribute name="Description" value="0CUST_SALES_ATTR"/>
<DIAttribute name="Sub_type" value="ExtractorSource"/>
</DIProperties>
<DIParameters>
<DIElement paramType="IN" name="$FileName" datatype="VARCHAR" size="256" >
</DIElement>
<DIElement paramType="IN" name="$p_JobStartTimestamp" datatype="VARCHAR" size="24" >
</DIElement>
</DIParameters>
<DITransforms>
<DIQuery typeId="29"  >
<DIUIOptions>
<DIAttribute name="ui_acta_from_schema_0" value="0CUST_SALES_ATTR_BPM"/>
</DIUIOptions>
<DISchema name="Query" >
<DIElement name="ts" datatype="VARCHAR" size="24" >
<DIAttributes>
<DIAttribute name="ui_mapping_text" value="$p_JobStartTimestamp"/>
</DIAttributes>
</DIElement>
<DIElement name="DI_SEQUENCE_NUMBER" datatype="INT" >
<DIAttributes>
<DIAttribute name="Description" value="Data Services-generated integer for sequencing"/>
<DIAttribute name="ui_mapping_text" value="&quot;0CUST_SALES_ATTR_BPM&quot;.DI_SEQUENCE_NUMBER"/>
</DIAttributes>
</DIElement>
<DIElement name="DI_OPERATION_TYPE" datatype="VARCHAR" size="1" >
<DIAttributes>
<DIAttribute name="Description" value="Data Services-generated row operation type"/>
<DIAttribute name="ui_mapping_text" value="&quot;0CUST_SALES_ATTR_BPM&quot;.DI_OPERATION_TYPE"/>
</DIAttributes>
</DIElement>
<DIElement name="KUNNR" datatype="VARCHAR" size="10" key="true" >
<DIAttributes>
<DIAttribute name="Description" value="Номер дебитора"/>
<DIAttribute name="Output_Length" value="000010"/>
<DIAttribute name="Selection_Between" value="yes"/>
<DIAttribute name="Selection_Equal" value="yes"/>
<DIAttribute name="ui_mapping_text" value="&quot;0CUST_SALES_ATTR_BPM&quot;.KUNNR"/>
</DIAttributes>
</DIElement>
<DIElement name="VKORG" datatype="VARCHAR" size="4" key="true" >
<DIAttributes>
<DIAttribute name="Description" value="Сбытовая организация"/>
<DIAttribute name="Output_Length" value="000004"/>
<DIAttribute name="Selection_Between" value="yes"/>
<DIAttribute name="Selection_Equal" value="yes"/>
<DIAttribute name="ui_mapping_text" value="&quot;0CUST_SALES_ATTR_BPM&quot;.VKORG"/>
</DIAttributes>
</DIElement>
<DIElement name="VTWEG" datatype="VARCHAR" size="2" key="true" >
<DIAttributes>
<DIAttribute name="Description" value="Канал сбыта"/>
<DIAttribute name="Output_Length" value="000002"/>
<DIAttribute name="Selection_Between" value="yes"/>
<DIAttribute name="Selection_Equal" value="yes"/>
<DIAttribute name="ui_mapping_text" value="&quot;0CUST_SALES_ATTR_BPM&quot;.VTWEG"/>
</DIAttributes>
</DIElement>
<DIElement name="SPART" datatype="VARCHAR" size="2" key="true" >
<DIAttributes>
<DIAttribute name="Description" value="Сектор"/>
<DIAttribute name="Output_Length" value="000002"/>
<DIAttribute name="Selection_Between" value="yes"/>
<DIAttribute name="Selection_Equal" value="yes"/>
<DIAttribute name="ui_mapping_text" value="&quot;0CUST_SALES_ATTR_BPM&quot;.SPART"/>
</DIAttributes>
</DIElement>
<DIElement name="ERNAM" datatype="VARCHAR" size="12" >
<DIAttributes>
<DIAttribute name="Description" value="Имя исполнителя, создавшего объект"/>
<DIAttribute name="Output_Length" value="000012"/>
<DIAttribute name="ui_mapping_text" value="&quot;0CUST_SALES_ATTR_BPM&quot;.ERNAM"/>
</DIAttributes>
</DIElement>
<DIElement name="ERDAT" datatype="DATE" >
<DIAttributes>
<DIAttribute name="Description" value="Дата создания записи"/>
<DIAttribute name="Output_Length" value="000008"/>
<DIAttribute name="ui_mapping_text" value="&quot;0CUST_SALES_ATTR_BPM&quot;.ERDAT"/>
</DIAttributes>
</DIElement>
<DIElement name="BEGRU" datatype="VARCHAR" size="4" >
<DIAttributes>
<DIAttribute name="Description" value="Группа полномочий"/>
<DIAttribute name="Output_Length" value="000004"/>
<DIAttribute name="ui_mapping_text" value="&quot;0CUST_SALES_ATTR_BPM&quot;.BEGRU"/>
</DIAttributes>
</DIElement>
<DIElement name="LOEVM" datatype="VARCHAR" size="1" >
<DIAttributes>
<DIAttribute name="Description" value="Метка удаления дебитора (уровень сбыта)"/>
<DIAttribute name="Output_Length" value="000001"/>
<DIAttribute name="ui_mapping_text" value="&quot;0CUST_SALES_ATTR_BPM&quot;.LOEVM"/>
</DIAttributes>
</DIElement>
<DIElement name="VERSG" datatype="VARCHAR" size="1" >
<DIAttributes>
<DIAttribute name="Description" value="Статистическая группа клиента"/>
<DIAttribute name="Output_Length" value="000001"/>
<DIAttribute name="ui_mapping_text" value="&quot;0CUST_SALES_ATTR_BPM&quot;.VERSG"/>
</DIAttributes>
</DIElement>
<DIElement name="AUFSD" datatype="VARCHAR" size="2" >
<DIAttributes>
<DIAttribute name="Description" value="Блокирование заказа для дебитора (рынок сбыта)"/>
<DIAttribute name="Output_Length" value="000002"/>
<DIAttribute name="ui_mapping_text" value="&quot;0CUST_SALES_ATTR_BPM&quot;.AUFSD"/>
</DIAttributes>
</DIElement>
<DIElement name="KALKS" datatype="VARCHAR" size="2" >
<DIAttributes>
<DIAttribute name="Description" value="Классификация клиентов для определения схемы калькуляции"/>
<DIAttribute name="Output_Length" value="000002"/>
<DIAttribute name="ui_mapping_text" value="&quot;0CUST_SALES_ATTR_BPM&quot;.KALKS"/>
</DIAttributes>
</DIElement>
<DIElement name="KDGRP" datatype="VARCHAR" size="2" >
<DIAttributes>
<DIAttribute name="Description" value="Группа клиентов"/>
<DIAttribute name="Output_Length" value="000002"/>
<DIAttribute name="ui_mapping_text" value="&quot;0CUST_SALES_ATTR_BPM&quot;.KDGRP"/>
</DIAttributes>
</DIElement>
<DIElement name="BZIRK" datatype="VARCHAR" size="6" >
<DIAttributes>
<DIAttribute name="Description" value="Район сбыта"/>
<DIAttribute name="Output_Length" value="000006"/>
<DIAttribute name="ui_mapping_text" value="&quot;0CUST_SALES_ATTR_BPM&quot;.BZIRK"/>
</DIAttributes>
</DIElement>
<DIElement name="KONDA" datatype="VARCHAR" size="2" >
<DIAttributes>
<DIAttribute name="Description" value="Группа цен клиента"/>
<DIAttribute name="Output_Length" value="000002"/>
<DIAttribute name="ui_mapping_text" value="&quot;0CUST_SALES_ATTR_BPM&quot;.KONDA"/>
</DIAttributes>
</DIElement>
<DIElement name="PLTYP" datatype="VARCHAR" size="2" >
<DIAttributes>
<DIAttribute name="Description" value="Тип прейскуранта"/>
<DIAttribute name="Output_Length" value="000002"/>
<DIAttribute name="ui_mapping_text" value="&quot;0CUST_SALES_ATTR_BPM&quot;.PLTYP"/>
</DIAttributes>
</DIElement>
<DIElement name="AWAHR" datatype="NUMERIC" precision="3" scale="0" >
<DIAttributes>
<DIAttribute name="Description" value="Вероятность заказа позиции"/>
<DIAttribute name="Output_Length" value="000003"/>
<DIAttribute name="ui_mapping_text" value="&quot;0CUST_SALES_ATTR_BPM&quot;.AWAHR"/>
</DIAttributes>
</DIElement>
<DIElement name="INCO1" datatype="VARCHAR" size="3" >
<DIAttributes>
<DIAttribute name="Description" value="Инкотермс, часть 1"/>
<DIAttribute name="Output_Length" value="000003"/>
<DIAttribute name="ui_mapping_text" value="&quot;0CUST_SALES_ATTR_BPM&quot;.INCO1"/>
</DIAttributes>
</DIElement>
<DIElement name="INCO2" datatype="VARCHAR" size="28" >
<DIAttributes>
<DIAttribute name="Description" value="Инкотермс, часть 2"/>
<DIAttribute name="Output_Length" value="000028"/>
<DIAttribute name="ui_mapping_text" value="&quot;0CUST_SALES_ATTR_BPM&quot;.INCO2"/>
</DIAttributes>
</DIElement>
<DIElement name="LIFSD" datatype="VARCHAR" size="2" >
<DIAttributes>
<DIAttribute name="Description" value="Блокирование поставки для дебитора (уровень сбыта)"/>
<DIAttribute name="Output_Length" value="000002"/>
<DIAttribute name="ui_mapping_text" value="&quot;0CUST_SALES_ATTR_BPM&quot;.LIFSD"/>
</DIAttributes>
</DIElement>
<DIElement name="AUTLF" datatype="VARCHAR" size="1" >
<DIAttributes>
<DIAttribute name="Description" value="Полная поставка определена для каждого заказа?"/>
<DIAttribute name="Output_Length" value="000001"/>
<DIAttribute name="ui_mapping_text" value="&quot;0CUST_SALES_ATTR_BPM&quot;.AUTLF"/>
</DIAttributes>
</DIElement>
<DIElement name="ANTLF" datatype="DECIMAL" precision="1" scale="0" >
<DIAttributes>
<DIAttribute name="Description" value="Макс.число возможных частичных поставок по позициям"/>
<DIAttribute name="Output_Length" value="000002"/>
<DIAttribute name="ui_mapping_text" value="&quot;0CUST_SALES_ATTR_BPM&quot;.ANTLF"/>
</DIAttributes>
</DIElement>
<DIElement name="KZTLF" datatype="VARCHAR" size="1" >
<DIAttributes>
<DIAttribute name="Description" value="Частичная поставка на уровне позиции"/>
<DIAttribute name="Output_Length" value="000001"/>
<DIAttribute name="ui_mapping_text" value="&quot;0CUST_SALES_ATTR_BPM&quot;.KZTLF"/>
</DIAttributes>
</DIElement>
<DIElement name="KZAZU" datatype="VARCHAR" size="1" >
<DIAttributes>
<DIAttribute name="Description" value="Индикатор:  Объединение заказов"/>
<DIAttribute name="Output_Length" value="000001"/>
<DIAttribute name="ui_mapping_text" value="&quot;0CUST_SALES_ATTR_BPM&quot;.KZAZU"/>
</DIAttributes>
</DIElement>
<DIElement name="CHSPL" datatype="VARCHAR" size="1" >
<DIAttributes>
<DIAttribute name="Description" value="Разделение партии допустимо"/>
<DIAttribute name="Output_Length" value="000001"/>
<DIAttribute name="ui_mapping_text" value="&quot;0CUST_SALES_ATTR_BPM&quot;.CHSPL"/>
</DIAttributes>
</DIElement>
<DIElement name="LPRIO" datatype="NUMERIC" precision="2" scale="0" >
<DIAttributes>
<DIAttribute name="Description" value="Приоритет поставки"/>
<DIAttribute name="Output_Length" value="000002"/>
<DIAttribute name="ui_mapping_text" value="&quot;0CUST_SALES_ATTR_BPM&quot;.LPRIO"/>
</DIAttributes>
</DIElement>
<DIElement name="EIKTO" datatype="VARCHAR" size="12" >
<DIAttributes>
<DIAttribute name="Description" value="Номер нашего счета у клиента или поставщика"/>
<DIAttribute name="Output_Length" value="000012"/>
<DIAttribute name="ui_mapping_text" value="&quot;0CUST_SALES_ATTR_BPM&quot;.EIKTO"/>
</DIAttributes>
</DIElement>
<DIElement name="VSBED" datatype="VARCHAR" size="2" >
<DIAttributes>
<DIAttribute name="Description" value="Условие отгрузки"/>
<DIAttribute name="Output_Length" value="000002"/>
<DIAttribute name="ui_mapping_text" value="&quot;0CUST_SALES_ATTR_BPM&quot;.VSBED"/>
</DIAttributes>
</DIElement>
<DIElement name="FAKSD" datatype="VARCHAR" size="2" >
<DIAttributes>
<DIAttribute name="Description" value="Блокирование фактуры для дебитора (уровень сбыта)"/>
<DIAttribute name="Output_Length" value="000002"/>
<DIAttribute name="ui_mapping_text" value="&quot;0CUST_SALES_ATTR_BPM&quot;.FAKSD"/>
</DIAttributes>
</DIElement>
<DIElement name="MRNKZ" datatype="VARCHAR" size="1" >
<DIAttributes>
<DIAttribute name="Description" value="Ведение счета-фактуры вручную"/>
<DIAttribute name="Output_Length" value="000001"/>
<DIAttribute name="ui_mapping_text" value="&quot;0CUST_SALES_ATTR_BPM&quot;.MRNKZ"/>
</DIAttributes>
</DIElement>
<DIElement name="PERFK" datatype="VARCHAR" size="2" >
<DIAttributes>
<DIAttribute name="Description" value="Сроки выставления счетов (календарная идентификация)"/>
<DIAttribute name="Output_Length" value="000002"/>
<DIAttribute name="ui_mapping_text" value="&quot;0CUST_SALES_ATTR_BPM&quot;.PERFK"/>
</DIAttributes>
</DIElement>
<DIElement name="PERRL" datatype="VARCHAR" size="2" >
<DIAttributes>
<DIAttribute name="Description" value="Сроки списков счетов (календарная идентификация)"/>
<DIAttribute name="Output_Length" value="000002"/>
<DIAttribute name="ui_mapping_text" value="&quot;0CUST_SALES_ATTR_BPM&quot;.PERRL"/>
</DIAttributes>
</DIElement>
<DIElement name="KVAKZ" datatype="VARCHAR" size="1" >
<DIAttributes>
<DIAttribute name="Description" value="Индикатор сметы затрат (неактивно)"/>
<DIAttribute name="Output_Length" value="000001"/>
<DIAttribute name="ui_mapping_text" value="&quot;0CUST_SALES_ATTR_BPM&quot;.KVAKZ"/>
</DIAttributes>
</DIElement>
<DIElement name="KVAWT" datatype="DECIMAL" precision="13" scale="2" >
<DIAttributes>
<DIAttribute name="Description" value="Лимит для сметы расходов  (неактивно)"/>
<DIAttribute name="Output_Length" value="000015"/>
<DIAttribute name="ui_mapping_text" value="&quot;0CUST_SALES_ATTR_BPM&quot;.KVAWT"/>
</DIAttributes>
</DIElement>
<DIElement name="WAERS" datatype="VARCHAR" size="5" >
<DIAttributes>
<DIAttribute name="Description" value="Валюта"/>
<DIAttribute name="Output_Length" value="000005"/>
<DIAttribute name="ui_mapping_text" value="&quot;0CUST_SALES_ATTR_BPM&quot;.WAERS"/>
</DIAttributes>
</DIElement>
<DIElement name="KLABC" datatype="VARCHAR" size="2" >
<DIAttributes>
<DIAttribute name="Description" value="Классификация клиентов (ABC-анализ)"/>
<DIAttribute name="Output_Length" value="000002"/>
<DIAttribute name="ui_mapping_text" value="&quot;0CUST_SALES_ATTR_BPM&quot;.KLABC"/>
</DIAttributes>
</DIElement>
<DIElement name="KTGRD" datatype="VARCHAR" size="2" >
<DIAttributes>
<DIAttribute name="Description" value="Группа контировки для этого клиента"/>
<DIAttribute name="Output_Length" value="000002"/>
<DIAttribute name="ui_mapping_text" value="&quot;0CUST_SALES_ATTR_BPM&quot;.KTGRD"/>
</DIAttributes>
</DIElement>
<DIElement name="VWERK" datatype="VARCHAR" size="4" >
<DIAttributes>
<DIAttribute name="Description" value="Завод-поставщик"/>
<DIAttribute name="Output_Length" value="000004"/>
<DIAttribute name="ui_mapping_text" value="&quot;0CUST_SALES_ATTR_BPM&quot;.VWERK"/>
</DIAttributes>
</DIElement>
<DIElement name="VKGRP" datatype="VARCHAR" size="3" >
<DIAttributes>
<DIAttribute name="Description" value="Группа сбыта"/>
<DIAttribute name="Output_Length" value="000003"/>
<DIAttribute name="ui_mapping_text" value="&quot;0CUST_SALES_ATTR_BPM&quot;.VKGRP"/>
</DIAttributes>
</DIElement>
<DIElement name="VKBUR" datatype="VARCHAR" size="4" >
<DIAttributes>
<DIAttribute name="Description" value="Отдел сбыта"/>
<DIAttribute name="Output_Length" value="000004"/>
<DIAttribute name="ui_mapping_text" value="&quot;0CUST_SALES_ATTR_BPM&quot;.VKBUR"/>
</DIAttributes>
</DIElement>
<DIElement name="VSORT" datatype="VARCHAR" size="10" >
<DIAttributes>
<DIAttribute name="Description" value="Предложение позиции"/>
<DIAttribute name="Output_Length" value="000010"/>
<DIAttribute name="ui_mapping_text" value="&quot;0CUST_SALES_ATTR_BPM&quot;.VSORT"/>
</DIAttributes>
</DIElement>
<DIElement name="KVGR1" datatype="VARCHAR" size="3" >
<DIAttributes>
<DIAttribute name="Description" value="Группа клиентов 1"/>
<DIAttribute name="Output_Length" value="000003"/>
<DIAttribute name="ui_mapping_text" value="&quot;0CUST_SALES_ATTR_BPM&quot;.KVGR1"/>
</DIAttributes>
</DIElement>
<DIElement name="KVGR2" datatype="VARCHAR" size="3" >
<DIAttributes>
<DIAttribute name="Description" value="Группа клиентов 2"/>
<DIAttribute name="Output_Length" value="000003"/>
<DIAttribute name="ui_mapping_text" value="&quot;0CUST_SALES_ATTR_BPM&quot;.KVGR2"/>
</DIAttributes>
</DIElement>
<DIElement name="KVGR3" datatype="VARCHAR" size="3" >
<DIAttributes>
<DIAttribute name="Description" value="Группа клиентов 3"/>
<DIAttribute name="Output_Length" value="000003"/>
<DIAttribute name="ui_mapping_text" value="&quot;0CUST_SALES_ATTR_BPM&quot;.KVGR3"/>
</DIAttributes>
</DIElement>
<DIElement name="KVGR4" datatype="VARCHAR" size="3" >
<DIAttributes>
<DIAttribute name="Description" value="Условие ППС"/>
<DIAttribute name="Output_Length" value="000003"/>
<DIAttribute name="ui_mapping_text" value="&quot;0CUST_SALES_ATTR_BPM&quot;.KVGR4"/>
</DIAttributes>
</DIElement>
<DIElement name="KVGR5" datatype="VARCHAR" size="3" >
<DIAttributes>
<DIAttribute name="Description" value="Группа клиентов 5"/>
<DIAttribute name="Output_Length" value="000003"/>
<DIAttribute name="ui_mapping_text" value="&quot;0CUST_SALES_ATTR_BPM&quot;.KVGR5"/>
</DIAttributes>
</DIElement>
<DIElement name="BOKRE" datatype="VARCHAR" size="1" >
<DIAttributes>
<DIAttribute name="Description" value="Индикатор : Клиент получающий бонус"/>
<DIAttribute name="Output_Length" value="000001"/>
<DIAttribute name="ui_mapping_text" value="&quot;0CUST_SALES_ATTR_BPM&quot;.BOKRE"/>
</DIAttributes>
</DIElement>
<DIElement name="BOIDT" datatype="DATE" >
<DIAttributes>
<DIAttribute name="Description" value="Начало срока действия для индекса бонусов по клиентам"/>
<DIAttribute name="Output_Length" value="000008"/>
<DIAttribute name="ui_mapping_text" value="&quot;0CUST_SALES_ATTR_BPM&quot;.BOIDT"/>
</DIAttributes>
</DIElement>
<DIElement name="KURST" datatype="VARCHAR" size="4" >
<DIAttributes>
<DIAttribute name="Description" value="Тип курса"/>
<DIAttribute name="Output_Length" value="000004"/>
<DIAttribute name="ui_mapping_text" value="&quot;0CUST_SALES_ATTR_BPM&quot;.KURST"/>
</DIAttributes>
</DIElement>
<DIElement name="PRFRE" datatype="VARCHAR" size="1" >
<DIAttributes>
<DIAttribute name="Description" value="Индикатор 'релевантно для расчета цены'"/>
<DIAttribute name="Output_Length" value="000001"/>
<DIAttribute name="ui_mapping_text" value="&quot;0CUST_SALES_ATTR_BPM&quot;.PRFRE"/>
</DIAttributes>
</DIElement>
<DIElement name="PRAT1" datatype="VARCHAR" size="1" >
<DIAttributes>
<DIAttribute name="Description" value="Ид. атрибута продукта 1"/>
<DIAttribute name="Output_Length" value="000001"/>
<DIAttribute name="ui_mapping_text" value="&quot;0CUST_SALES_ATTR_BPM&quot;.PRAT1"/>
</DIAttributes>
</DIElement>
<DIElement name="PRAT2" datatype="VARCHAR" size="1" >
<DIAttributes>
<DIAttribute name="Description" value="Ид. атрибута продукта 2"/>
<DIAttribute name="Output_Length" value="000001"/>
<DIAttribute name="ui_mapping_text" value="&quot;0CUST_SALES_ATTR_BPM&quot;.PRAT2"/>
</DIAttributes>
</DIElement>
<DIElement name="PRAT3" datatype="VARCHAR" size="1" >
<DIAttributes>
<DIAttribute name="Description" value="Ид. атрибута продукта 3"/>
<DIAttribute name="Output_Length" value="000001"/>
<DIAttribute name="ui_mapping_text" value="&quot;0CUST_SALES_ATTR_BPM&quot;.PRAT3"/>
</DIAttributes>
</DIElement>
<DIElement name="PRAT4" datatype="VARCHAR" size="1" >
<DIAttributes>
<DIAttribute name="Description" value="Ид. атрибута продукта 4"/>
<DIAttribute name="Output_Length" value="000001"/>
<DIAttribute name="ui_mapping_text" value="&quot;0CUST_SALES_ATTR_BPM&quot;.PRAT4"/>
</DIAttributes>
</DIElement>
<DIElement name="PRAT5" datatype="VARCHAR" size="1" >
<DIAttributes>
<DIAttribute name="Description" value="Ид. атрибута продукта 5"/>
<DIAttribute name="Output_Length" value="000001"/>
<DIAttribute name="ui_mapping_text" value="&quot;0CUST_SALES_ATTR_BPM&quot;.PRAT5"/>
</DIAttributes>
</DIElement>
<DIElement name="PRAT6" datatype="VARCHAR" size="1" >
<DIAttributes>
<DIAttribute name="Description" value="Ид. атрибута продукта 6"/>
<DIAttribute name="Output_Length" value="000001"/>
<DIAttribute name="ui_mapping_text" value="&quot;0CUST_SALES_ATTR_BPM&quot;.PRAT6"/>
</DIAttributes>
</DIElement>
<DIElement name="PRAT7" datatype="VARCHAR" size="1" >
<DIAttributes>
<DIAttribute name="Description" value="Ид. атрибута продукта 7"/>
<DIAttribute name="Output_Length" value="000001"/>
<DIAttribute name="ui_mapping_text" value="&quot;0CUST_SALES_ATTR_BPM&quot;.PRAT7"/>
</DIAttributes>
</DIElement>
<DIElement name="PRAT8" datatype="VARCHAR" size="1" >
<DIAttributes>
<DIAttribute name="Description" value="Ид. атрибута продукта 8"/>
<DIAttribute name="Output_Length" value="000001"/>
<DIAttribute name="ui_mapping_text" value="&quot;0CUST_SALES_ATTR_BPM&quot;.PRAT8"/>
</DIAttributes>
</DIElement>
<DIElement name="PRAT9" datatype="VARCHAR" size="1" >
<DIAttributes>
<DIAttribute name="Description" value="Ид. атрибута продукта 9"/>
<DIAttribute name="Output_Length" value="000001"/>
<DIAttribute name="ui_mapping_text" value="&quot;0CUST_SALES_ATTR_BPM&quot;.PRAT9"/>
</DIAttributes>
</DIElement>
<DIElement name="PRATA" datatype="VARCHAR" size="1" >
<DIAttributes>
<DIAttribute name="Description" value="Ид. атрибута продукта 10"/>
<DIAttribute name="Output_Length" value="000001"/>
<DIAttribute name="ui_mapping_text" value="&quot;0CUST_SALES_ATTR_BPM&quot;.PRATA"/>
</DIAttributes>
</DIElement>
<DIElement name="ZTERM" datatype="VARCHAR" size="4" >
<DIAttributes>
<DIAttribute name="Description" value="Код условий платежа"/>
<DIAttribute name="Output_Length" value="000004"/>
<DIAttribute name="ui_mapping_text" value="&quot;0CUST_SALES_ATTR_BPM&quot;.ZTERM"/>
</DIAttributes>
</DIElement>
<DIElement name="ODQ_CHANGEMODE" datatype="VARCHAR" size="1" >
<DIAttributes>
<DIAttribute name="Change_Mode" value="yes"/>
<DIAttribute name="Description" value="Режим изменения записи данных в дельте"/>
<DIAttribute name="Output_Length" value="000001"/>
<DIAttribute name="ui_mapping_text" value="&quot;0CUST_SALES_ATTR_BPM&quot;.ODQ_CHANGEMODE"/>
</DIAttributes>
</DIElement>
<DIElement name="ODQ_ENTITYCNTR" datatype="DECIMAL" precision="19" scale="0" >
<DIAttributes>
<DIAttribute name="Description" value="Число единиц данных (например, записи данных)"/>
<DIAttribute name="Entity_Counter" value="yes"/>
<DIAttribute name="Output_Length" value="000020"/>
<DIAttribute name="ui_mapping_text" value="&quot;0CUST_SALES_ATTR_BPM&quot;.ODQ_ENTITYCNTR"/>
</DIAttributes>
</DIElement>
</DISchema>
<DISelect>
<DIProjection>
<DIExpression isString="true" expr="$p_JobStartTimestamp" >
<VARIABLE_REFERENCE name="$p_JobStartTimestamp" />
</DIExpression>
<DIExpression isString="true" expr="&quot;0CUST_SALES_ATTR_BPM&quot;.DI_SEQUENCE_NUMBER" >
<COLUMN_REFERENCE  qualifier1="0CUST_SALES_ATTR_BPM" column="DI_SEQUENCE_NUMBER" />
</DIExpression>
<DIExpression isString="true" expr="&quot;0CUST_SALES_ATTR_BPM&quot;.DI_OPERATION_TYPE" >
<COLUMN_REFERENCE  qualifier1="0CUST_SALES_ATTR_BPM" column="DI_OPERATION_TYPE" />
</DIExpression>
<DIExpression isString="true" expr="&quot;0CUST_SALES_ATTR_BPM&quot;.KUNNR" >
<COLUMN_REFERENCE  qualifier1="0CUST_SALES_ATTR_BPM" column="KUNNR" />
</DIExpression>
<DIExpression isString="true" expr="&quot;0CUST_SALES_ATTR_BPM&quot;.VKORG" >
<COLUMN_REFERENCE  qualifier1="0CUST_SALES_ATTR_BPM" column="VKORG" />
</DIExpression>
<DIExpression isString="true" expr="&quot;0CUST_SALES_ATTR_BPM&quot;.VTWEG" >
<COLUMN_REFERENCE  qualifier1="0CUST_SALES_ATTR_BPM" column="VTWEG" />
</DIExpression>
<DIExpression isString="true" expr="&quot;0CUST_SALES_ATTR_BPM&quot;.SPART" >
<COLUMN_REFERENCE  qualifier1="0CUST_SALES_ATTR_BPM" column="SPART" />
</DIExpression>
<DIExpression isString="true" expr="&quot;0CUST_SALES_ATTR_BPM&quot;.ERNAM" >
<COLUMN_REFERENCE  qualifier1="0CUST_SALES_ATTR_BPM" column="ERNAM" />
</DIExpression>
<DIExpression isString="true" expr="&quot;0CUST_SALES_ATTR_BPM&quot;.ERDAT" >
<COLUMN_REFERENCE  qualifier1="0CUST_SALES_ATTR_BPM" column="ERDAT" />
</DIExpression>
<DIExpression isString="true" expr="&quot;0CUST_SALES_ATTR_BPM&quot;.BEGRU" >
<COLUMN_REFERENCE  qualifier1="0CUST_SALES_ATTR_BPM" column="BEGRU" />
</DIExpression>
<DIExpression isString="true" expr="&quot;0CUST_SALES_ATTR_BPM&quot;.LOEVM" >
<COLUMN_REFERENCE  qualifier1="0CUST_SALES_ATTR_BPM" column="LOEVM" />
</DIExpression>
<DIExpression isString="true" expr="&quot;0CUST_SALES_ATTR_BPM&quot;.VERSG" >
<COLUMN_REFERENCE  qualifier1="0CUST_SALES_ATTR_BPM" column="VERSG" />
</DIExpression>
<DIExpression isString="true" expr="&quot;0CUST_SALES_ATTR_BPM&quot;.AUFSD" >
<COLUMN_REFERENCE  qualifier1="0CUST_SALES_ATTR_BPM" column="AUFSD" />
</DIExpression>
<DIExpression isString="true" expr="&quot;0CUST_SALES_ATTR_BPM&quot;.KALKS" >
<COLUMN_REFERENCE  qualifier1="0CUST_SALES_ATTR_BPM" column="KALKS" />
</DIExpression>
<DIExpression isString="true" expr="&quot;0CUST_SALES_ATTR_BPM&quot;.KDGRP" >
<COLUMN_REFERENCE  qualifier1="0CUST_SALES_ATTR_BPM" column="KDGRP" />
</DIExpression>
<DIExpression isString="true" expr="&quot;0CUST_SALES_ATTR_BPM&quot;.BZIRK" >
<COLUMN_REFERENCE  qualifier1="0CUST_SALES_ATTR_BPM" column="BZIRK" />
</DIExpression>
<DIExpression isString="true" expr="&quot;0CUST_SALES_ATTR_BPM&quot;.KONDA" >
<COLUMN_REFERENCE  qualifier1="0CUST_SALES_ATTR_BPM" column="KONDA" />
</DIExpression>
<DIExpression isString="true" expr="&quot;0CUST_SALES_ATTR_BPM&quot;.PLTYP" >
<COLUMN_REFERENCE  qualifier1="0CUST_SALES_ATTR_BPM" column="PLTYP" />
</DIExpression>
<DIExpression isString="true" expr="&quot;0CUST_SALES_ATTR_BPM&quot;.AWAHR" >
<COLUMN_REFERENCE  qualifier1="0CUST_SALES_ATTR_BPM" column="AWAHR" />
</DIExpression>
<DIExpression isString="true" expr="&quot;0CUST_SALES_ATTR_BPM&quot;.INCO1" >
<COLUMN_REFERENCE  qualifier1="0CUST_SALES_ATTR_BPM" column="INCO1" />
</DIExpression>
<DIExpression isString="true" expr="&quot;0CUST_SALES_ATTR_BPM&quot;.INCO2" >
<COLUMN_REFERENCE  qualifier1="0CUST_SALES_ATTR_BPM" column="INCO2" />
</DIExpression>
<DIExpression isString="true" expr="&quot;0CUST_SALES_ATTR_BPM&quot;.LIFSD" >
<COLUMN_REFERENCE  qualifier1="0CUST_SALES_ATTR_BPM" column="LIFSD" />
</DIExpression>
<DIExpression isString="true" expr="&quot;0CUST_SALES_ATTR_BPM&quot;.AUTLF" >
<COLUMN_REFERENCE  qualifier1="0CUST_SALES_ATTR_BPM" column="AUTLF" />
</DIExpression>
<DIExpression isString="true" expr="&quot;0CUST_SALES_ATTR_BPM&quot;.ANTLF" >
<COLUMN_REFERENCE  qualifier1="0CUST_SALES_ATTR_BPM" column="ANTLF" />
</DIExpression>
<DIExpression isString="true" expr="&quot;0CUST_SALES_ATTR_BPM&quot;.KZTLF" >
<COLUMN_REFERENCE  qualifier1="0CUST_SALES_ATTR_BPM" column="KZTLF" />
</DIExpression>
<DIExpression isString="true" expr="&quot;0CUST_SALES_ATTR_BPM&quot;.KZAZU" >
<COLUMN_REFERENCE  qualifier1="0CUST_SALES_ATTR_BPM" column="KZAZU" />
</DIExpression>
<DIExpression isString="true" expr="&quot;0CUST_SALES_ATTR_BPM&quot;.CHSPL" >
<COLUMN_REFERENCE  qualifier1="0CUST_SALES_ATTR_BPM" column="CHSPL" />
</DIExpression>
<DIExpression isString="true" expr="&quot;0CUST_SALES_ATTR_BPM&quot;.LPRIO" >
<COLUMN_REFERENCE  qualifier1="0CUST_SALES_ATTR_BPM" column="LPRIO" />
</DIExpression>
<DIExpression isString="true" expr="&quot;0CUST_SALES_ATTR_BPM&quot;.EIKTO" >
<COLUMN_REFERENCE  qualifier1="0CUST_SALES_ATTR_BPM" column="EIKTO" />
</DIExpression>
<DIExpression isString="true" expr="&quot;0CUST_SALES_ATTR_BPM&quot;.VSBED" >
<COLUMN_REFERENCE  qualifier1="0CUST_SALES_ATTR_BPM" column="VSBED" />
</DIExpression>
<DIExpression isString="true" expr="&quot;0CUST_SALES_ATTR_BPM&quot;.FAKSD" >
<COLUMN_REFERENCE  qualifier1="0CUST_SALES_ATTR_BPM" column="FAKSD" />
</DIExpression>
<DIExpression isString="true" expr="&quot;0CUST_SALES_ATTR_BPM&quot;.MRNKZ" >
<COLUMN_REFERENCE  qualifier1="0CUST_SALES_ATTR_BPM" column="MRNKZ" />
</DIExpression>
<DIExpression isString="true" expr="&quot;0CUST_SALES_ATTR_BPM&quot;.PERFK" >
<COLUMN_REFERENCE  qualifier1="0CUST_SALES_ATTR_BPM" column="PERFK" />
</DIExpression>
<DIExpression isString="true" expr="&quot;0CUST_SALES_ATTR_BPM&quot;.PERRL" >
<COLUMN_REFERENCE  qualifier1="0CUST_SALES_ATTR_BPM" column="PERRL" />
</DIExpression>
<DIExpression isString="true" expr="&quot;0CUST_SALES_ATTR_BPM&quot;.KVAKZ" >
<COLUMN_REFERENCE  qualifier1="0CUST_SALES_ATTR_BPM" column="KVAKZ" />
</DIExpression>
<DIExpression isString="true" expr="&quot;0CUST_SALES_ATTR_BPM&quot;.KVAWT" >
<COLUMN_REFERENCE  qualifier1="0CUST_SALES_ATTR_BPM" column="KVAWT" />
</DIExpression>
<DIExpression isString="true" expr="&quot;0CUST_SALES_ATTR_BPM&quot;.WAERS" >
<COLUMN_REFERENCE  qualifier1="0CUST_SALES_ATTR_BPM" column="WAERS" />
</DIExpression>
<DIExpression isString="true" expr="&quot;0CUST_SALES_ATTR_BPM&quot;.KLABC" >
<COLUMN_REFERENCE  qualifier1="0CUST_SALES_ATTR_BPM" column="KLABC" />
</DIExpression>
<DIExpression isString="true" expr="&quot;0CUST_SALES_ATTR_BPM&quot;.KTGRD" >
<COLUMN_REFERENCE  qualifier1="0CUST_SALES_ATTR_BPM" column="KTGRD" />
</DIExpression>
<DIExpression isString="true" expr="&quot;0CUST_SALES_ATTR_BPM&quot;.VWERK" >
<COLUMN_REFERENCE  qualifier1="0CUST_SALES_ATTR_BPM" column="VWERK" />
</DIExpression>
<DIExpression isString="true" expr="&quot;0CUST_SALES_ATTR_BPM&quot;.VKGRP" >
<COLUMN_REFERENCE  qualifier1="0CUST_SALES_ATTR_BPM" column="VKGRP" />
</DIExpression>
<DIExpression isString="true" expr="&quot;0CUST_SALES_ATTR_BPM&quot;.VKBUR" >
<COLUMN_REFERENCE  qualifier1="0CUST_SALES_ATTR_BPM" column="VKBUR" />
</DIExpression>
<DIExpression isString="true" expr="&quot;0CUST_SALES_ATTR_BPM&quot;.VSORT" >
<COLUMN_REFERENCE  qualifier1="0CUST_SALES_ATTR_BPM" column="VSORT" />
</DIExpression>
<DIExpression isString="true" expr="&quot;0CUST_SALES_ATTR_BPM&quot;.KVGR1" >
<COLUMN_REFERENCE  qualifier1="0CUST_SALES_ATTR_BPM" column="KVGR1" />
</DIExpression>
<DIExpression isString="true" expr="&quot;0CUST_SALES_ATTR_BPM&quot;.KVGR2" >
<COLUMN_REFERENCE  qualifier1="0CUST_SALES_ATTR_BPM" column="KVGR2" />
</DIExpression>
<DIExpression isString="true" expr="&quot;0CUST_SALES_ATTR_BPM&quot;.KVGR3" >
<COLUMN_REFERENCE  qualifier1="0CUST_SALES_ATTR_BPM" column="KVGR3" />
</DIExpression>
<DIExpression isString="true" expr="&quot;0CUST_SALES_ATTR_BPM&quot;.KVGR4" >
<COLUMN_REFERENCE  qualifier1="0CUST_SALES_ATTR_BPM" column="KVGR4" />
</DIExpression>
<DIExpression isString="true" expr="&quot;0CUST_SALES_ATTR_BPM&quot;.KVGR5" >
<COLUMN_REFERENCE  qualifier1="0CUST_SALES_ATTR_BPM" column="KVGR5" />
</DIExpression>
<DIExpression isString="true" expr="&quot;0CUST_SALES_ATTR_BPM&quot;.BOKRE" >
<COLUMN_REFERENCE  qualifier1="0CUST_SALES_ATTR_BPM" column="BOKRE" />
</DIExpression>
<DIExpression isString="true" expr="&quot;0CUST_SALES_ATTR_BPM&quot;.BOIDT" >
<COLUMN_REFERENCE  qualifier1="0CUST_SALES_ATTR_BPM" column="BOIDT" />
</DIExpression>
<DIExpression isString="true" expr="&quot;0CUST_SALES_ATTR_BPM&quot;.KURST" >
<COLUMN_REFERENCE  qualifier1="0CUST_SALES_ATTR_BPM" column="KURST" />
</DIExpression>
<DIExpression isString="true" expr="&quot;0CUST_SALES_ATTR_BPM&quot;.PRFRE" >
<COLUMN_REFERENCE  qualifier1="0CUST_SALES_ATTR_BPM" column="PRFRE" />
</DIExpression>
<DIExpression isString="true" expr="&quot;0CUST_SALES_ATTR_BPM&quot;.PRAT1" >
<COLUMN_REFERENCE  qualifier1="0CUST_SALES_ATTR_BPM" column="PRAT1" />
</DIExpression>
<DIExpression isString="true" expr="&quot;0CUST_SALES_ATTR_BPM&quot;.PRAT2" >
<COLUMN_REFERENCE  qualifier1="0CUST_SALES_ATTR_BPM" column="PRAT2" />
</DIExpression>
<DIExpression isString="true" expr="&quot;0CUST_SALES_ATTR_BPM&quot;.PRAT3" >
<COLUMN_REFERENCE  qualifier1="0CUST_SALES_ATTR_BPM" column="PRAT3" />
</DIExpression>
<DIExpression isString="true" expr="&quot;0CUST_SALES_ATTR_BPM&quot;.PRAT4" >
<COLUMN_REFERENCE  qualifier1="0CUST_SALES_ATTR_BPM" column="PRAT4" />
</DIExpression>
<DIExpression isString="true" expr="&quot;0CUST_SALES_ATTR_BPM&quot;.PRAT5" >
<COLUMN_REFERENCE  qualifier1="0CUST_SALES_ATTR_BPM" column="PRAT5" />
</DIExpression>
<DIExpression isString="true" expr="&quot;0CUST_SALES_ATTR_BPM&quot;.PRAT6" >
<COLUMN_REFERENCE  qualifier1="0CUST_SALES_ATTR_BPM" column="PRAT6" />
</DIExpression>
<DIExpression isString="true" expr="&quot;0CUST_SALES_ATTR_BPM&quot;.PRAT7" >
<COLUMN_REFERENCE  qualifier1="0CUST_SALES_ATTR_BPM" column="PRAT7" />
</DIExpression>
<DIExpression isString="true" expr="&quot;0CUST_SALES_ATTR_BPM&quot;.PRAT8" >
<COLUMN_REFERENCE  qualifier1="0CUST_SALES_ATTR_BPM" column="PRAT8" />
</DIExpression>
<DIExpression isString="true" expr="&quot;0CUST_SALES_ATTR_BPM&quot;.PRAT9" >
<COLUMN_REFERENCE  qualifier1="0CUST_SALES_ATTR_BPM" column="PRAT9" />
</DIExpression>
<DIExpression isString="true" expr="&quot;0CUST_SALES_ATTR_BPM&quot;.PRATA" >
<COLUMN_REFERENCE  qualifier1="0CUST_SALES_ATTR_BPM" column="PRATA" />
</DIExpression>
<DIExpression isString="true" expr="&quot;0CUST_SALES_ATTR_BPM&quot;.ZTERM" >
<COLUMN_REFERENCE  qualifier1="0CUST_SALES_ATTR_BPM" column="ZTERM" />
</DIExpression>
<DIExpression isString="true" expr="&quot;0CUST_SALES_ATTR_BPM&quot;.ODQ_CHANGEMODE" >
<COLUMN_REFERENCE  qualifier1="0CUST_SALES_ATTR_BPM" column="ODQ_CHANGEMODE" />
</DIExpression>
<DIExpression isString="true" expr="&quot;0CUST_SALES_ATTR_BPM&quot;.ODQ_ENTITYCNTR" >
<COLUMN_REFERENCE  qualifier1="0CUST_SALES_ATTR_BPM" column="ODQ_ENTITYCNTR" />
</DIExpression>
</DIProjection>
<DIFrom>
<DITableSpec name="0CUST_SALES_ATTR_BPM" />
</DIFrom>
</DISelect>
<DIAttributes>
<DIAttribute name="distinct_run_as_separate_process" value="no"/>
<DIAttribute name="group_by_run_as_separate_process" value="no"/>
<DIAttribute name="join_run_as_separate_process" value="no"/>
<DIAttribute name="order_by_run_as_separate_process" value="no"/>
<DIAttribute name="run_as_separate_process" value="no"/>
</DIAttributes>
</DIQuery>

<DIFileTarget typeId="3" formatName="FileNameTS_new" filename="$FileName" >
<DIUIOptions>
<DIAttribute name="ui_display_name" value="&quot;$FileName&quot;(FileNameTS_new)"/>
</DIUIOptions>
<DIInputView name="Query"  />
<DIAttributes>
<DIAttribute name="connection_port" value="no"/>
<DIAttribute name="file_location" value="job_server"/>
<DIAttribute name="fl_object_name" value=""/>
<DIAttribute name="isstreamdebugfile" value="no"/>
<DIAttribute name="loader_load_choice" value="replace"/>
<DIAttribute name="name" value="UNNAMED"/>
<DIAttribute name="root_dir" value="[$$DSLocalFilesLocation]"/>
<DIAttribute name="transfer_custom" value="no"/>
<DIAttribute name="validate_decimal_data" value="yes"/>
</DIAttributes>
</DIFileTarget>

<DISAPExtractorSource typeId="16" datastoreName="ERP" ownerName="" tableName="0CUST_SALES_ATTR_BPM" >
<DIOutputView name="0CUST_SALES_ATTR_BPM"  />
<DIAttributes>
<DIAttribute name="Initial_Load" value="no"/>
<DIAttribute name="array_fetch_size" value="1000"/>
<DIAttribute name="cache" value="yes"/>
<DIAttribute name="connection_port" value="no"/>
<DIAttribute name="enable_partitioning" value="no"/>
<DIAttribute name="name" value="UNNAMED"/>
<DIAttribute name="package_size" value="1000"/>
<DIAttribute name="parallel_sap_connections" value="0"/>
<DIAttribute name="reader_is_DB2CDC_table" value="no"/>
<DIAttribute name="reader_overflow_file" value="&lt;default&gt;"/>
<DIAttribute name="reader_template_table" value="no"/>
<DIAttribute name="reader_use_overflow_file" value="no"/>
<DIAttribute name="reader_use_trex_transaction" value="no"/>
<DIAttribute name="sap_odp_cwf_delay" value="5"/>
<DIAttribute name="table_weight" value="0"/>
<DIAttribute name="teradata_bulk_rdr_cleanup" value="yes"/>
</DIAttributes>
</DISAPExtractorSource>

</DITransforms>
<DIAttributes>
<DIAttribute name="Cache_type" value="pageable_cache"/>
<DIAttribute name="Parallelism_degree" value="default"/>
<DIAttribute name="allows_both_input_and_output" value="yes"/>
<DIAttribute name="dataflow_loader_bulk_load" value="no"/>
<DIAttribute name="dataflow_loader_commit_size" value="default"/>
<DIAttribute name="dataflow_loader_row_size_bytes" value="0"/>
<DIAttribute name="dataflow_number_of_loaders" value="0"/>
<DIAttribute name="run_once" value="no"/>
<DIAttribute name="use_dataflow_links" value="no"/>
<DIAttribute name="use_datastore_links" value="yes"/>
<DIAttribute name="validation_xform_exists" value="no"/>
<DIAttribute name="validation_xform_stats" value="no"/>
</DIAttributes>
</DIDataflow>

</DataIntegratorExport>

